DISTRICT,DATE,CONFIRMED,RECOVERED,ACTIVE,DEATH
Kasargode,16-03-2020,1,0,1,0
Kasargode,19-03-2020,1,0,2,0
Kasargode,20-03-2020,6,0,8,0
Kasargode,21-03-2020,6,0,14,0
Kasargode,22-03-2020,5,0,19,0
Kasargode,23-03-2020,19,0,38,0
Kasargode,24-03-2020,6,0,44,0
Kasargode,26-03-2020,3,0,47,0
Kasargode,27-03-2020,34,0,81,0
Kasargode,28-03-2020,1,0,82,0
Kasargode,29-03-2020,7,0,89,0
Kasargode,30-03-2020,17,0,106,0
Kasargode,31-03-2020,2,0,108,0
Kasargode,1-4-2020,12,0,120,0
Kasargode,2-4-2020,8,0,128,0
Kasargode,3-4-2020,7,4,131,0
Kasargode,4-4-2020,6,0,137,0
Kasargode,5-4-2020,1,0,138,0
Kasargode,6-4-2020,9,0,147,0
Kasargode,7-4-2020,4,1,150,0
Kasargode,8-4-2020,1,0,151,0
Kasargode,9-4-2020,4,0,155,0
Kasargode,10-4-2020,3,18,140,0
Kasargode,11-4-2020,2,9,133,0
Kasargode,12-4-2020,0,28,105,0
Kasargode,13-04-2020,0,12,93,0
Kasargode,14-04-2020,1,6,88,0
Kasargode,15-04-2020,0,4,84,0
Kasargode,16-04-2020,1,24,61,0
Kasargode,17-04-2020,0,6,55,0
Kasargode,18-04-2020,0,2,53,0
Kasargode,19-04-2020,1,8,46,0
Kasargode,20-04-2020,0,19,27,0
Kasargode,21-04-2020,3,4,26,0
Kasargode,23-04-2020,0,6,20,0
Kasargode,24-04-2020,3,5,18,0
Kasargode,25-04-2020,0,2,16,0
Kasargode,26-04-2020,0,1,15,0
Kasargode,28-04-2020,1,2,14,0
Kasargode,29-04-2020,1,3,12,0
Kasargode,30-04-2020,1,2,11,0
Kasargode,1-5-2020,0,4,7,0
Kasargode,3-5-2020,0,1,6,0
Kasargode,4-5-2020,0,3,3,0
Kasargode,7-5-2020,0,2,1,0
Kasargode,10-5-2020,0,1,0,0
Kasargode,11-5-2020,4,0,4,0
Kasargode,14-05-2020,10,0,14,0
Kasargode,15-05-2020,1,0,15,0
Kasargode,17-05-2020,1,0,16,0
Kasargode,18-05-2020,2,0,18,0
Kasargode,20-05-2020,1,1,18,0
Kasargode,21-05-2020,1,0,19,0
Kasargode,22-05-2020,7,0,26,0
Kasargode,23-05-2020,4,1,29,0
Kasargode,24-05-2020,5,2,32,0
Kasargode,25-05-2020,14,6,40,0
Kasargode,26-05-2020,3,2,41,0
Kasargode,27-05-2020,10,2,49,0
Kasargode,28-05-2020,18,0,67,0
Kasargode,29-05-2020,4,1,70,0
Kasargode,30-05-2020,3,0,73,0
Kasargode,31-05-2020,10,1,82,0
Kasargode,1-6-2020,14,0,96,0
Kasargode,2-6-2020,9,7,98,0
Kasargode,3-6-2020,3,4,97,0
Kasargode,4-6-2020,12,0,109,0
Kasargode,5-6-2020,1,7,103,0
Kasargode,6-6-2020,10,1,112,0
Kasargode,7-6-2020,3,6,109,0
Kasargode,8-6-2020,8,7,110,0
Kasargode,9-6-2020,2,0,112,0
Kasargode,10-6-2020,0,11,101,0
Kasargode,11-6-2020,10,5,106,0
Kasargode,12-6-2020,4,2,108,0
Kasargode,13-06-2020,9,6,111,0
Kasargode,14-06-2020,6,1,116,0
Kasargode,15-06-2020,3,4,115,0
Kasargode,16-06-2020,2,8,109,0
Kasargode,17-06-2020,9,0,118,0
Kasargode,18-06-2020,3,11,110,0
Kasargode,19-06-2020,4,4,110,0
Kasargode,20-06-2020,7,2,115,0
Kasargode,21-06-2020,6,2,119,0
Kasargode,22-06-2020,9,9,119,0
Kasargode,24-06-2020,6,0,125,0
Kasargode,25-06-2020,4,8,121,0
Kasargode,26-06-2020,2,1,122,0
Kasargode,27-06-2020,11,5,128,0
Kasargode,28-06-2020,6,5,129,0
Kasargode,29-06-2020,4,2,131,0
Kasargode,30-06-2020,8,4,135,0
Kasargode,01-07-2020,10,17,128,0
Kasargode,02-07-2020,5,31,102,0
Kasargode,03-07-2020,7,12,97,0
kasargode,04-07-2020,14,6,105,0
kasargode,05-07-2020,28,0,133,0
kasargode,06-07-2020,6,12,127,0
kasargode,07-07-2020,13,0,140,0
kasargode,08-07-2020,4,7,137,0
kasargode,09-07-2020,11,14,134,0
kasargode,10-07-2020,17,3,148,0
kasargode,11-07-2020,18,0,166,0
kasargode,12-07-2020,56,8,214,0
kasargode,13-07-2020,9,6,217,0
kasargode,14-07-2020,44,5,256,0
kasargode,15-07-2020,74,21,309,0
kasargode,16-07-2020,18,23,304,0
kasargode,17-07-2020,32,9,327,0
kasargode,18-07-2020,29,9,347,0
kasargode,19-07-2020,57,12,391,1
kasargode,20-07-2020,28,10,409,0
kasargode,21-07-2020,40,6,443,0
kasargode,22-07-2020,101,43,501,0
kasargode,23-07-2020,47,36,512,0
kasargode,24-07-2020,106,68,548,2
kasargode,25-07-2020,105,23,629,1
kasargode,26-07-2020,107,34,702,0
Kasargode,27-07-2020,38,53,687,0
Kasargode,28-07-2020,38,36,688,1
Kasargode,29-07-2020,49,36,701,0
Kasargode,30-07-2020,28,4,725,0
Kasargode,31-07-2020,52,129,647,0
Kannur,9-3-2020,1,0,1,0
Kannur,10-3-2020,2,0,3,0
Kannur,12-3-2020,1,0,4,0
Kannur,21-03-2020,3,0,7,0
Kannur,22-03-2020,4,0,11,0
Kannur,23-03-2020,5,1,15,0
Kannur,26-03-2020,9,1,23,0
Kannur,27-03-2020,2,0,25,0
Kannur,29-03-2020,8,0,33,0
Kannur,30-03-2020,11,0,44,0
Kannur,31-03-2020,1,2,43,0
Kannur,1-4-2020,2,0,45,0
Kannur,2-4-2020,1,0,46,0
Kannur,3-4-2020,1,5,42,0
Kannur,4-4-2020,1,7,36,0
Kannur,5-4-2020,1,4,33,0
Kannur,6-4-2020,0,1,32,0
Kannur,7-4-2020,2,5,29,0
Kannur,8-4-2020,4,1,32,0
Kannur,9-4-2020,4,5,31,0
Kannur,10-4-2020,2,6,27,0
Kannur,11-4-2020,7,0,34,0
Kannur,12-4-2020,1,0,35,0
Kannur,13-04-2020,2,1,36,0
Kannur,14-04-2020,4,0,40,0
Kannur,15-04-2020,1,0,41,0
Kannur,16-04-2020,4,1,44,0
Kannur,18-04-2020,3,0,47,0
Kannur,19-04-2020,1,3,45,0
Kannur,20-04-2020,6,0,51,0
Kannur,21-04-2020,10,9,52,0
Kannur,22-04-2020,7,0,59,0
Kannur,23-04-2020,0,1,58,0
Kannur,24-04-2020,0,3,55,0
Kannur,25-04-2020,1,2,54,0
Kannur,26-04-2020,0,1,53,0
Kannur,27-04-2020,1,6,48,0
Kannur,28-04-2020,3,2,49,0
Kannur,29-04-2020,1,3,47,0
Kannur,30-04-2020,0,2,45,0
Kannur,1-5-2020,0,4,41,0
Kannur,2-5-2020,1,6,36,0
Kannur,4-5-2020,0,19,17,0
Kannur,7-5-2020,0,3,14,0
Kannur,8-5-2020,0,10,4,0
Kannur,10-5-2020,0,2,2,0
Kannur,13-05-2020,1,0,3,0
Kannur,14-05-2020,2,1,4,0
Kannur,16-05-2020,0,2,2,0
Kannur,17-05-2020,2,0,4,0
Kannur,18-05-2020,3,0,7,0
Kannur,19-05-2020,5,0,12,0
Kannur,20-05-2020,3,1,14,0
Kannur,21-05-2020,4,0,18,0
Kannur,22-05-2020,12,0,30,0
Kannur,23-05-2020,16,0,46,0
Kannur,24-05-2020,12,0,58,0
Kannur,25-05-2020,10,0,68,0
Kannur,26-05-2020,8,0,75,1
Kannur,27-05-2020,1,0,76,0
Kannur,28-05-2020,10,1,85,0
Kannur,29-05-2020,8,1,92,0
Kannur,30-05-2020,15,1,106,0
Kannur,31-05-2020,7,4,109,0
Kannur,1-6-2020,0,1,108,0
Kannur,2-6-2020,5,1,112,0
Kannur,3-6-2020,2,2,112,0
Kannur,4-6-2020,6,7,111,0
Kannur,6-6-2020,12,5,118,0
Kannur,7-6-2020,2,5,115,0
Kannur,8-6-2020,4,0,119,0
Kannur,9-6-2020,5,0,124,0
Kannur,10-6-2020,4,13,115,0
Kannur,11-6-2020,7,8,113,1
Kannur,12-6-2020,3,1,114,1
Kannur,13-06-2020,14,10,118,0
Kannur,14-06-2020,4,2,120,0
Kannur,15-06-2020,10,21,109,0
Kannur,16-06-2020,7,1,115,0
Kannur,17-06-2020,4,1,118,0
Kannur,18-06-2020,4,4,117,1
Kannur,19-06-2020,8,20,105,0
Kannur,20-06-2020,4,2,107,0
Kannur,21-06-2020,10,3,114,0
Kannur,22-06-2020,3,14,103,0
Kannur,23-06-2020,6,1,108,0
Kannur,24-06-2020,17,10,115,0
Kannur,25-06-2020,9,1,123,0
Kannur,26-06-2020,13,1,135,0
Kannur,27-06-2020,11,13,133,0
Kannur,28-06-2020,26,1,158,0
Kannur,29-06-2020,14,13,159,0
Kannur,30-06-2020,26,2,183,0
Kannur,01-07-2020,27,12,198,0
Kannur,02-07-2020,9,6,201,0
Kannur,03-07-2020,18,13,206,0
kannur,04-07-2020,35,14,227,0
kannur,05-07-2020,25,3,249,0
kannur,06-07-2020,11,,10,250,0
kannur,07-07-2020,19,9,260,0
kannur,08-07-2020,22,2,280,0
kannur,09-07-2020,8,14,274,0
kannur,10-07-2020,23,14,283,0
kannur,11-07-2020,19,1,301,0
kannur,12-07-2020,17,19,299,0
kannur,13-07-2020,44,19,323,1
kannur,14-07-2020,12,45,290,0
kannur,15-07-2020,35,5,320,0
kannur,16-07-2020,23,8,334,1
kannur,17-07-2020,9,8,335,0
kannur,18-07-2020,39,37,337,0
kannur,9-07-2020,13,21,329,0
kannur,20-07-2020,48,3,374,0
kannur,21-07-2020,57,10,421,0
kannur,22-07-2020,43,0,464,0
kannur,23-07-2020,51,7,507,1
kannur,24-07-2020,18,108,417,0
kannur,25-07-2020,62,36,443,0
kannur,26-07-2020,47,70,420,0
kannur,27-07-2020,38,32,426,0
kannur,28-07-2020,43,15,454,0
kannur,29-07-2020,42,3,493,0
kannur,30-07-2020,39,47,485,0
kannur,31-07-2020,14,41,458,0
Wayanad,26-03-2020,1,0,1,0
Wayanad,30-03-2020,2,0,3,0
Wayanad,8-4-2020,0,2,1,0
Wayanad,25-04-2020,0,1,0,0
Wayanad,2-5-2020,1,0,1,0
Wayanad,5-5-2020,3,0,4,0
Wayanad,10-5-2020,3,0,7,0
Wayanad,11-5-2020,1,0,8,0
Wayanad,13-05-2020,2,0,10,0
Wayanad,14-05-2020,3,0,13,0
Wayanad,15-05-2020,5,0,18,0
Wayanad,16-05-2020,0,2,16,0
Wayanad,20-05-2020,0,1,15,0
Wayanad,21-05-2020,0,4,11,0
Wayanad,22-05-2020,1,0,12,0
Wayanad,23-05-2020,1,0,13,0
Wayanad,24-05-2020,0,3,9,1
Wayanad,25-05-2020,0,1,8,0
Wayanad,27-05-2020,3,1,10,0
Wayanad,29-05-2020,2,5,7,0
Wayanad,31-05-2020,3,0,10,0
Wayanad,1-6-2020,0,1,9,0
Wayanad,2-6-2020,6,0,15,0
Wayanad,4-6-2020,2,2,15,0
Wayanad,5-6-2020,3,0,18,0
Wayanad,8-6-2020,2,2,18,0
Wayanad,9-6-2020,6,1,23,0
Wayanad,10-6-2020,4,6,21,0
Wayanad,13-06-2020,1,1,21,0
Wayanad,14-06-2020,1,1,21,0
Wayanad,15-06-2020,1,0,22,0
Wayanad,16-06-2020,0,5,17,0
Wayanad,17-06-2020,3,0,20,0
Wayanad,18-06-2020,0,2,18,0
Wayanad,19-06-2020,4,0,22,0
Wayanad,20-06-2020,5,2,25,0
Wayanad,22-06-2020,5,0,30,0
Wayanad,23-06-2020,2,3,29,0
Wayanad,24-06-2020,2,0,31,0
Wayanad,25-06-2020,2,0,33,0
Wayanad,26-06-2020,5,0,38,0
Wayanad,27-06-2020,5,0,43,0
Wayanad,28-06-2020,5,1,47,0
Wayanad,29-06-2020,5,1,47,0
Wayanad,30-06-2020,0,4,43,0
Wayanad,01-07-2020,3,3,43,0
Wayanad,02-07-2020,1,0,44,0
Wayanad,03-07-2020,1,10,35,0
wayanad,04-07-2020,2,0,37,0
wayanad,05-07-2020,6,6,37,0
wayanad,06-07-2020,8,0,45,0
wayanad,07-07-2020,3,4,44,0
wayanad,08-07-2020,14,0,58,0
wayanad,09-07-2020,7,3,62,0
wayanad,10-07-2020,0,4,58,0
wayanad,11-07-2020,11,0,69,0
wayanad,12-07-2020,19,0,88,0
wayanad,13-07-2020,14,16,86,0
wayanad,14-07-2020,12,0,98,0
wayanad,15-07-2020,4,1,101,0
wayanad,16-07-2020,13,1,113,0
wayanad,17-07-2020,28,4,137,0
wayanad,18-07-2020,26,4,159,0
wayanad,19-07-2020,1,0,160,0
wayanad,20-07-2020,26,0,186,0
wayanad,21-07-2020,17,14,189,0
wayanad,22-07-2020,4,5,188,0
wayanad,23-07-2020,10,5,193,0
wayanad,24-07-2020,15,21,187,0
wayanad,25-07-2020,17,45,159,0
wayanad,26-07-2020,28,0,187,0
wayanad,27-07-2020,17,49,155,0
wayanad,28-07-2020,53,18,190,0
wayanad,29-07-2020,43,9,224,0
wayanad,30-07-2020,3,17,210,0
wayanad,31-07-2020,124,19,315,0
Kozhikode,22-03-2020,2,0,2,0
Kozhikode,24-03-2020,2,0,4,0
Kozhikode,25-03-2020,1,0,5,0
Kozhikode,27-03-2020,1,0,6,0
Kozhikode,1-4-2020,0,1,5,0
Kozhikode,2-4-2020,1,0,6,0
Kozhikode,3-4-2020,0,1,5,0
Kozhikode,5-4-2020,5,1,9,0
Kozhikode,8-4-2020,0,2,7,0
Kozhikode,10-4-2020,0,1,6,0
Kozhikode,11-4-2020,1,0,7,0
Kozhikode,12-4-2020,0,1,6,0
Kozhikode,14-04-2020,3,0,9,0
Kozhikode,15-04-2020,0,2,7,0
Kozhikode,16-04-2020,2,0,9,0
Kozhikode,17-04-2020,1,0,10,0
Kozhikode,18-04-2020,1,0,11,0
Kozhikode,21-04-2020,0,2,9,0
Kozhikode,22-04-2020,2,0,11,0
Kozhikode,23-04-2020,2,0,13,0
Kozhikode,25-04-2020,0,2,11,0
Kozhikode,27-04-2020,0,4,7,0
Kozhikode,29-04-2020,0,3,4,0
Kozhikode,30-04-2020,0,1,3,0
Kozhikode,4-5-2020,0,3,0,0
Kozhikode,13-05-2020,1,0,1,0
Kozhikode,14-05-2020,1,0,2,0
Kozhikode,15-05-2020,2,0,4,0
Kozhikode,16-05-2020,3,0,7,0
Kozhikode,17-05-2020,2,0,9,0
Kozhikode,18-05-2020,2,0,11,0
Kozhikode,20-05-2020,1,0,12,0
Kozhikode,21-05-2020,0,1,11,0
Kozhikode,22-05-2020,5,0,16,0
Kozhikode,23-05-2020,4,0,20,0
Kozhikode,24-05-2020,1,0,21,0
Kozhikode,25-05-2020,4,0,25,0
Kozhikode,27-05-2020,2,0,27,0
Kozhikode,28-05-2020,6,1,32,0
Kozhikode,29-05-2020,2,2,32,0
Kozhikode,30-05-2020,4,0,36,0
Kozhikode,31-05-2020,2,4,34,0
Kozhikode,1-6-2020,0,1,32,1
Kozhikode,2-6-2020,5,0,37,0
Kozhikode,3-6-2020,7,5,39,0
Kozhikode,4-6-2020,10,5,44,0
Kozhikode,5-6-2020,4,1,47,0
Kozhikode,6-6-2020,4,7,44,0
Kozhikode,7-6-2020,6,0,50,0
Kozhikode,8-6-2020,13,0,63,0
Kozhikode,9-6-2020,7,3,67,0
Kozhikode,10-6-2020,10,3,74,0
Kozhikode,11-6-2020,1,3,72,0
Kozhikode,12-6-2020,4,2,74,0
Kozhikode,13-06-2020,12,2,84,0
Kozhikode,14-06-2020,8,1,91,0
Kozhikode,15-06-2020,6,4,93,0
Kozhikode,16-06-2020,4,0,97,0
Kozhikode,17-06-2020,6,14,89,0
Kozhikode,18-06-2020,5,1,93,0
Kozhikode,19-06-2020,6,3,96,0
Kozhikode,20-06-2020,12,11,97,0
Kozhikode,21-06-2020,10,4,103,0
Kozhikode,22-06-2020,5,8,100,0
Kozhikode,23-06-2020,6,0,106,0
Kozhikode,24-06-2020,3,35,74,0
Kozhikode,25-06-2020,7,6,75,0
Kozhikode,26-06-2020,7,11,71,0
Kozhikode,27-06-2020,8,0,79,0
Kozhikode,28-06-2020,7,6,80,0
Kozhikode,29-06-2020,9,8,81,0
Kozhikode,30-06-2020,4,2,83,0
Kozhikode,01-07-2020,6,12,76,1
Kozhikode,02-07-2020,7,0,83,0
Kozhikode,03-07-2020,14,11,86,0
Kozhikode,05-07-2020,20,5,108,0
Kozhikode,06-07-2020,15,5,118,0
Kozhikode,07-07-2020,15,5,128,0
Kozhikode,08-07-2020,15,6,137,0
Kozhikode,09-07-2020,8,1,144,0
Kozhikode,10-07-2020,12,0,156,0
Kozhikode,11-07-2020,17,4,169,0
Kozhikode,12-07-2020,4,18,155,0
Kozhikode,13-07-2020,16,7,164,0
Kozhikode,14-07-2020,58,19,203,0
Kozhikode,15-07-2020,64,14,253,0
Kozhikode,16-07-2020,33,10,276,0
Kozhikode,17-07-2020,32,9,299,0
Kozhikode,18-07-2020,26,9,316,0
Kozhikode,19-07-2020,32,8,340,0
Kozhikode,20-07-2020,92,6,426,0
Kozhikode,21-07-2020,39,38,427,0
Kozhikode,22-07-2020,25,14,438,0
Kozhikode,23-07-2020,67,16,488,1
Kozhikode,24-07-2020,82,66,504,0
Kozhikode,25-07-2020,110,62,550,2
Kozhikode,26-07-2020,57,8,598,0
Kozhikode,27-07-2020,68,41,624,1
Kozhikode,28-07-2020,67,13,678,0
Kozhikode,29-07-2020,67,30,715,0
Kozhikode,30-07-2020,42,57,699,1
Kozhikode,31-07-2020,84,75,708,0
Malappuram,16-03-2020,2,0,2,0
Malappuram,22-03-2020,2,0,4,0
Malappuram,24-03-2020,1,0,5,0
Malappuram,26-03-2020,3,0,8,0
Malappuram,28-03-2020,1,0,9,0
Malappuram,29-03-2020,1,0,10,0
Malappuram,1-4-2020,2,0,12,0
Malappuram,2-4-2020,1,1,12,0
Malappuram,5-4-2020,0,1,11,0
Malappuram,6-4-2020,2,0,13,0
Malappuram,7-4-2020,1,0,14,0
Malappuram,9-4-2020,2,2,14,0
Malappuram,10-4-2020,2,0,16,0
Malappuram,12-4-2020,0,6,10,0
Malappuram,14-04-2020,0,1,9,0
Malappuram,16-04-2020,0,1,8,0
Malappuram,17-04-2020,0,1,7,0
Malappuram,19-04-2020,0,1,6,0
Malappuram,21-04-2020,1,0,7,0
Malappuram,22-04-2020,1,0,8,0
Malappuram,23-04-2020,0,1,7,0
Malappuram,24-04-2020,0,3,3,1
Malappuram,26-04-2020,0,1,2,0
Malappuram,27-04-2020,1,1,2,0
Malappuram,30-04-2020,1,1,2,0
Malappuram,4-5-2020,0,2,0,0
Malappuram,9-5-2020,2,0,2,0
Malappuram,10-5-2020,1,0,3,0
Malappuram,11-5-2020,1,0,4,0
Malappuram,12-5-2020,3,0,7,0
Malappuram,13-05-2020,3,0,10,0
Malappuram,14-05-2020,5,0,15,0
Malappuram,15-05-2020,4,0,19,0
Malappuram,16-05-2020,2,0,21,0
Malappuram,17-05-2020,4,0,25,0
Malappuram,18-05-2020,1,0,26,0
Malappuram,19-05-2020,3,0,29,0
Malappuram,20-05-2020,4,0,33,0
Malappuram,21-05-2020,5,1,37,0
Malappuram,22-05-2020,4,2,39,0
Malappuram,23-05-2020,8,0,47,0
Malappuram,24-05-2020,5,0,52,0
Malappuram,25-05-2020,0,1,51,0
Malappuram,26-05-2020,5,3,53,0
Malappuram,27-05-2020,0,6,47,0
Malappuram,28-05-2020,8,1,54,0
Malappuram,29-05-2020,5,1,58,0
Malappuram,30-05-2020,0,4,54,0
Malappuram,31-05-2020,3,2,55,0
Malappuram,1-6-2020,14,7,62,0
Malappuram,2-6-2020,15,1,76,0
Malappuram,3-6-2020,11,0,87,0
Malappuram,4-6-2020,8,8,86,1
Malappuram,5-6-2020,18,0,104,0
Malappuram,6-6-2020,12,0,115,1
Malappuram,7-6-2020,27,1,141,0
Malappuram,8-6-2020,14,0,155,0
Malappuram,9-6-2020,6,0,161,0
Malappuram,10-6-2020,7,0,168,0
Malappuram,11-6-2020,10,2,176,0
Malappuram,12-6-2020,14,0,190,0
Malappuram,13-06-2020,15,7,198,0
Malappuram,14-06-2020,3,5,196,0
Malappuram,15-06-2020,6,10,192,0
Malappuram,16-06-2020,15,6,201,0
Malappuram,17-06-2020,11,0,212,0
Malappuram,18-06-2020,4,2,214,0
Malappuram,19-06-2020,18,15,217,0
Malappuram,20-06-2020,5,1,221,0
Malappuram,21-06-2020,10,28,203,0
Malappuram,22-06-2020,17,23,197,0
Malappuram,23-06-2020,11,15,193,0
Malappuram,24-06-2020,10,7,196,0
Malappuram,25-06-2020,6,12,190,0
Malappuram,26-06-2020,16,18,188,0
Malappuram,27-06-2020,47,19,216,0
Malappuram,28-06-2020,7,6,80,0
Malappuram,29-06-2020,14,7,227,1
Malappuram,30-06-2020,32,22,237,0
Malappuram,01-07-2020,34,14,257,0
Malappuram,02-07-2020,24,56,225,0
Malappuram,03-07-2020,35,10,250,0
Malappuram,04-07-2020,37,7,280,0
Malappuram,05-07-2020,26,28,278,0
Malappuram,06-07-2020,35,13,299,1
Malappuram,07-07-2020,63,10,352,0
Malappuram,08-07-2020,46,12,386,0
Malappuram,09-07-2020,55,7,434,0
Malappuram,10-07-2020,41,18,457,0
Malappuram,11-07-2020,51,15,493,0
Malappuram,12-07-2020,42,16,519,0
Malappuram,13-07-2020,47,28,538,0
Malappuram,14-07-2020,58,12,584,0
Malappuram,15-07-2020,18,42,560,0
Malappuram,16-07-2020,42,37,565,0
Malappuram,17-07-2020,25,31,559,0
Malappuram,18-07-2020,19,26,552,0
Malappuram,19-07-2020,1,0,160,0
Malappuram,20-07-2020,50,32,595,0
Malappuram,21-07-2020,61,53,603,0
Malappuram,22-07-2020,61,52,612,0
Malappuram,23-07-2020,89,30,671,0
Malappuram,24-07-2020,58,24,705,0
Malappuram,25-07-2020,68,185,588,0
Malappuram,26-07-2020,56,121,522,1
Malappuram,27-07-2020,86,88,520,0
Malappuram,28-07-2020,112,34,598,0
Malappuram,29-07-2020,87,34,649,1
Malappuram,30-07-2020,32,12,669,0
Malappuram,31-07-2020,75,9,734,0
Palakkad,24-03-2020,1,0,1,0
Palakkad,25-03-2020,2,0,3,0
Palakkad,28-03-2020,1,0,4,0
Palakkad,29-03-2020,1,0,5,0
Palakkad,1-4-2020,1,0,6,0
Palakkad,4-4-2020,1,0,7,0
Palakkad,11-4-2020,0,4,3,0
Palakkad,13-04-2020,1,0,4,0
Palakkad,14-04-2020,0,2,2,0
Palakkad,21-04-2020,4,0,6,0
Palakkad,22-04-2020,0,1,5,0
Palakkad,27-04-2020,1,0,6,0
Palakkad,30-04-2020,0,4,2,0
Palakkad,4-5-2020,0,1,1,0
Palakkad,10-5-2020,0,1,0,0
Palakkad,11-5-2020,1,0,1,0
Palakkad,13-05-2020,2,0,3,0
Palakkad,14-05-2020,3,0,6,0
Palakkad,15-05-2020,1,0,7,0
Palakkad,16-05-2020,2,0,9,0
Palakkad,17-05-2020,2,0,11,0
Palakkad,18-05-2020,1,0,12,0
Palakkad,19-05-2020,1,0,13,0
Palakkad,20-05-2020,7,0,20,0
Palakkad,21-05-2020,1,0,21,0
Palakkad,22-05-2020,5,0,26,0
Palakkad,23-05-2020,19,0,45,0
Palakkad,24-05-2020,4,0,49,0
Palakkad,25-05-2020,5,0,54,0
Palakkad,26-05-2020,29,2,81,0
Palakkad,27-05-2020,8,0,89,0
Palakkad,28-05-2020,16,0,105,0
Palakkad,29-05-2020,14,0,119,0
Palakkad,30-05-2020,9,0,128,0
Palakkad,31-05-2020,12,0,140,0
Palakkad,1-6-2020,2,1,141,0
Palakkad,2-6-2020,5,0,146,0
Palakkad,3-6-2020,5,0,151,0
Palakkad,4-6-2020,7,13,144,1
Palakkad,5-6-2020,40,0,184,0
Palakkad,6-6-2020,11,30,165,0
Palakkad,7-6-2020,6,7,164,0
Palakkad,8-6-2020,1,2,163,0
Palakkad,9-6-2020,14,0,177,0
Palakkad,10-6-2020,6,0,183,0
Palakkad,11-6-2020,13,13,183,0
Palakkad,12-6-2020,5,6,182,0
Palakkad,13-06-2020,8,9,181,0
Palakkad,14-06-2020,6,27,160,0
Palakkad,15-06-2020,7,12,155,0
Palakkad,16-06-2020,6,9,152,0
Palakkad,17-06-2020,6,24,134,0
Palakkad,18-06-2020,14,11,137,0
Palakkad,19-06-2020,10,13,134,0
Palakkad,20-06-2020,23,10,147,0
Palakkad,21-06-2020,15,1,161,0
Palakkad,22-06-2020,16,12,165,0
Palakkad,23-06-2020,27,0,192,0
Palakkad,24-06-2020,16,1,207,0
Palakkad,25-06-2020,24,5,226,0
Palakkad,26-06-2020,23,2,247,0
Palakkad,27-06-2020,25,5,267,0
Palakkad,28-06-2020,4,4,267,0
Palakkad,29-06-2020,12,3,276,0
Palakkad,30-06-2020,17,7,286,0
Palakkad,01-07-2020,17,11,292,0
Palakkad,02-07-2020,18,54,256,0
Palakkad,03-07-2020,14,68,202,0
Palakkad,04-07-2020,29,45,186,0
Palakkad,05-07-2020,29,8,207,0
Palakkad,06-07-2020,8,33,182,0
Palakkad,07-07-2020,29,23,188,0
Palakkad,08-07-2020,25,9,203,0
Palakkad,09-07-2020,50,17,236,0
Palakkad,10-07-2020,28,8,256,0
Palakkad,11-07-2020,48,7,297,0
Palakkad,12-07-2020,59,16,340,0
Palakkad,13-07-2020,19,25,334,0
Palakkad,14-07-2020,26,49,311,0
Palakkad,15-07-2020,19,55,275,0
Palakkad,16-07-2020,25,72,228,0
Palakkad,17-07-2020,31,0,259,0
Palakkad,18-07-2020,49,27,281,0
Palakkad,19-07-2020,81,11,351,0
Palakkad,20-07-2020,49,94,306,0
Palakkad,21-07-2020,46,34,318,0
Palakkad,22-07-2020,34,15,337,0
Palakkad,23-07-2020,51,45,343,0
Palakkad,24-07-2020,58,63,338,0 
Palakkad,25-07-2020,35,24,348,1
Palakkad,26-07-2020,42,5,385,0
Palakkad,27-07-2020,41,9,417,0
Palakkad,28-07-2020,86,40,463,0
Palakkad,29-07-2020,49,19,493,0
Palakkad,30-07-2020,4,36,461,0
Palakkad,31-07-2020,83,111,433,0
Thrissur,30-01-2020,1,0,1,0
Thrissur,20-02-2020,0,1,0,0
Thrissur,12-3-2020,1,0,1,0
Thrissur,23-03-2020,1,0,2,0
Thrissur,25-03-2020,0,1,1,0
Thrissur,26-03-2020,2,0,3,0
Thrissur,27-03-2020,1,0,4,0
Thrissur,29-03-2020,1,0,5,0
Thrissur,31-03-2020,1,0,6,0
Thrissur,1-4-2020,2,0,8,0
Thrissur,2-4-2020,1,0,9,0
Thrissur,3-4-2020,1,0,10,0
Thrissur,6-4-2020,0,1,9,0
Thrissur,8-4-2020,1,3,7,0
Thrissur,10-4-2020,0,1,6,0
Thrissur,11-4-2020,0,1,5,0
Thrissur,13-04-2020,0,3,2,0
Thrissur,14-04-2020,0,1,1,0
Thrissur,19-04-2020,0,1,0,0
Thrissur,10-5-2020,2,0,2,0
Thrissur,16-05-2020,4,0,6,0
Thrissur,17-05-2020,1,0,7,0
Thrissur,18-05-2020,4,0,11,0
Thrissur,19-05-2020,1,0,12,0
Thrissur,20-05-2020,2,2,12,0
Thrissur,21-05-2020,3,0,15,0
Thrissur,22-05-2020,4,0,18,1
Thrissur,26-05-2020,4,0,22,0
Thrissur,28-05-2020,7,0,29,0
Thrissur,29-05-2020,6,0,35,0
Thrissur,30-05-2020,10,3,42,0
Thrissur,31-05-2020,3,0,45,0
Thrissur,1-6-2020,9,0,54,0
Thrissur,2-6-2020,6,0,60,0
Thrissur,3-6-2020,4,1,63,0
Thrissur,4-6-2020,4,2,65,0
Thrissur,5-6-2020,8,5,68,0
Thrissur,6-6-2020,16,0,84,0
Thrissur,7-6-2020,26,13,97,0
Thrissur,8-6-2020,27,0,123,1
Thrissur,9-6-2020,6,4,125,0
Thrissur,10-6-2020,9,0,133,1
Thrissur,11-6-2020,25,7,151,0
Thrissur,12-6-2020,14,4,161,0
Thrissur,13-06-2020,4,3,162,0
Thrissur,14-06-2020,7,8,161,0
Thrissur,15-06-2020,3,6,158,0
Thrissur,16-06-2020,7,3,162,0
Thrissur,17-06-2020,8,11,159,0
Thrissur,18-06-2020,6,22,143,0
Thrissur,19-06-2020,1,13,131,0
Thrissur,20-06-2020,6,0,137,0
Thrissur,21-06-2020,16,38,115,0
Thrissur,22-06-2020,12,6,121,0
Thrissur,23-06-2020,14,10,125,0
Thrissur,24-06-2020,15,4,136,0
Thrissur,25-06-2020,10,3,143,0
Thrissur,26-06-2020,7,15,135,0
Thrissur,27-06-2020,22,7,150,0
Thrissur,28-06-2020,17,5,162,0
Thrissur,29-06-2020,26,5,183,0
Thrissur,30-06-2020,4,13,174,0
Thrissur,01-07-2020,16,16,174,0
Thrissur,02-07-2020,9,8,175,0
Thrissur,03-07-2020,21,5,191,0
Thrissur,04-07-2020,20,10,201,0
Thrissur,05-07-2020,12,12,201,0
Thrissur,06-07-2020,14,16,199,0
Thrissur,07-07-2020,10,6,203,0
Thrissur,08-07-2020,25,11,217,0
Thrissur,09-07-2020,27,29,215,0
Thrissur,10-07-2020,17,19,213,0
Thrissur,11-07-2020,29,17,225,0
Thrissur,12-07-2020,19,20,223,1
Thrissur,13-07-2020,9,16,216,0
Thrissur,14-07-2020,42,10,248,0
Thrissur,15-07-2020,5,2,251,0
Thrissur,16-07-2020,32,8,274,1
Thrissur,17-07-2020,32,31,274,1
Thrissur,18-07-2020,21,11,284,0
Thrissur,19-07-2020,61,21,324,0
Thrissur,20-07-2020,42,45,321,0
Thrissur,21-07-2020,19,6,334,0
Thrissur,22-07-2020,56,33,357,0
Thrissur,23-07-2020,83,21,419,0
Thrissur,24-07-2020,33,12,440,0
Thrissur,25-07-2020,36,37,439,0
Thrissur,26-07-2020,41,57,422,1
Thrissur,27-07-2020,40,45,417,0
Thrissur,28-07-2020,109,45,481,0
Thrissur,29-07-2020,31,56,456,0
Thrissur,30-07-2020,83,68,471,0
Thrissur,31-07-2020,60,27,504,0
Ernakulam,20-03-2020,6,0,6,0
Ernakulam,21-03-2020,3,0,9,0
Ernakulam,22-03-2020,2,0,11,0
Ernakulam,23-03-2020,2,0,13,0
Ernakulam,24-03-2020,1,0,14,0
Ernakulam,25-03-2020,3,0,17,0
Ernakulam,26-03-2020,0,4,13,0
Ernakulam,28-03-2020,0,0,12,1
Ernakulam,29-03-2020,1,0,13,0
Ernakulam,1-4-2020,3,0,16,0
Ernakulam,4-4-2020,1,0,17,0
Ernakulam,7-4-2020,0,4,13,0
Ernakulam,9-4-2020,0,4,9,0
Ernakulam,10-4-2020,0,1,8,0
Ernakulam,14-04-2020,0,2,6,0
Ernakulam,16-04-2020,0,1,5,0
Ernakulam,17-04-2020,0,2,3,0
Ernakulam,27-04-2020,0,1,2,0
Ernakulam,1-5-2020,0,1,1,0
Ernakulam,8-5-2020,1,0,2,0
Ernakulam,10-5-2020,1,0,3,0
Ernakulam,17-05-2020,1,0,4,0
Ernakulam,18-05-2020,1,0,5,0
Ernakulam,20-05-2020,1,0,6,0
Ernakulam,21-05-2020,0,1,5,0
Ernakulam,24-05-2020,4,0,9,0
Ernakulam,25-05-2020,0,1,8,0
Ernakulam,26-05-2020,5,1,12,0
Ernakulam,27-05-2020,2,0,14,0
Ernakulam,29-05-2020,4,0,18,0
Ernakulam,30-05-2020,4,0,22,0
Ernakulam,31-05-2020,1,1,22,0
Ernakulam,1-6-2020,3,0,25,0
Ernakulam,2-6-2020,3,0,28,0
Ernakulam,3-6-2020,5,0,33,0
Ernakulam,4-6-2020,2,0,35,0
Ernakulam,5-6-2020,10,4,41,0
Ernakulam,6-6-2020,3,4,40,0
Ernakulam,8-6-2020,3,0,43,0
Ernakulam,9-6-2020,4,1,46,0
Ernakulam,10-6-2020,4,2,48,0
Ernakulam,11-6-2020,2,6,44,0
Ernakulam,12-6-2020,5,3,46,0
Ernakulam,13-06-2020,7,0,53,0
Ernakulam,14-06-2020,7,1,59,0
Ernakulam,15-06-2020,13,2,70,0
Ernakulam,16-06-2020,13,1,82,0
Ernakulam,17-06-2020,5,2,85,0
Ernakulam,18-06-2020,6,4,87,0
Ernakulam,19-06-2020,11,0,98,0
Ernakulam,20-06-2020,3,1,100,0
Ernakulam,21-06-2020,5,0,105,0
Ernakulam,22-06-2020,14,9,110,0
Ernakulam,23-06-2020,13,6,117,0
Ernakulam,24-06-2020,8,4,121,0
Ernakulam,25-06-2020,10,2,129,0
Ernakulam,26-06-2020,9,0,138,0
Ernakulam,27-06-2020,14,0,152,0
Ernakulam,28-06-2020,7,0,159,0
Ernakulam,29-06-2020,5,2,162,0
Ernakulam,30-06-2020,10,7,165,0
Ernakulam,01-07-2020,12,1,176,0
Ernakulam,02-07-2020,9,10,175,0
Ernakulam,03-07-2020,17,20,172,0
Ernakulam,04-07-2020,13,7,178,0
Ernakulam,05-07-2020,12,7,183,0
Ernakulam,06-07-2020,25,16,191,1
Ernakulam,07-07-2020,21,20,192,0
Ernakulam,08-07-2020,16,12,195,0
Ernakulam,09-07-2020,12,15,192,0
Ernakulam,10-07-2020,20,4,208,0
Ernakulam,11-07-2020,47,3,251,1
Ernakulam,12-07-2020,50,5,296,0
Ernakulam,13-07-2020,15,10,301,0
Ernakulam,14-07-2020,70,0,371,0
Ernakulam,15-07-2020,72,1,442,0
Ernakulam,16-07-2020,57,7,492,0
Ernakulam,17-07-2020,115,4,603,0
Ernakulam,18-07-2020,44,8,639,0
Ernakulam,19-07-2020,98,7,729,1
Ernakulam,20-07-2020,72,7,793,1
Ernakulam,21-07-2020,80,5,868,0
Ernakulam,22-07-2020,92,18,942,0
Ernakulam,23-07-2020,100,95,946,1
Ernakulam,24-07-2020,69,151,864,0
Ernakulam,25-07-2020,79,77,865,1
Ernakulam,26-07-2020,61,107,819,0
Ernakulam,27-07-2020,15,69,765,0
Ernakulam,28-07-2020,70,83,751,1
Ernakulam,29-07-2020,83,58,776,0
Ernakulam,30-07-2020,34,69,739,1
Ernakulam,31-07-2020,132,66,801,2
Idukki,15-03-2020,1,0,1,0
Idukki,25-03-2020,1,0,2,0
Idukki,26-03-2020,1,0,3,0
Idukki,30-03-2020,2,0,5,0
Idukki,2-4-2020,5,0,10,0
Idukki,3-4-2020,0,2,8,0
Idukki,28-03-2020,0,1,7,0
Idukki,8-4-2020,0,2,5,0
Idukki,9-4-2020,0,2,3,0
Idukki,11-4-2020,0,2,1,0
Idukki,12-4-2020,0,1,0,0
Idukki,23-04-2020,4,0,4,0
Idukki,26-04-2020,6,0,10,0
Idukki,27-04-2020,4,0,14,0
Idukki,2-5-2020,0,2,12,0
Idukki,4-5-2020,0,10,2,0
Idukki,6-5-2020,0,1,1,0
Idukki,9-5-2020,0,1,0,0
Idukki,14-05-2020,1,0,1,0
Idukki,21-05-2020,1,0,2,0
Idukki,25-05-2020,1,1,2,0
Idukki,28-05-2020,1,0,3,0
Idukki,29-05-2020,1,0,4,0
Idukki,30-05-2020,4,0,8,0
Idukki,1-6-2020,1,0,9,0
Idukki,3-6-2020,9,0,18,0
Idukki,5-6-2020,3,0,21,0
Idukki,6-6-2020,3,1,23,0
Idukki,7-6-2020,1,0,24,0
Idukki,9-6-2020,0,1,23,0
Idukki,10-6-2020,4,0,27,0
Idukki,12-6-2020,1,4,24,0
Idukki,13-06-2020,4,1,27,0
Idukki,14-06-2020,2,2,27,0
Idukki,15-06-2020,2,0,29,0
Idukki,18-06-2020,6,0,35,0
Idukki,19-06-2020,2,0,37,0
Idukki,20-06-2020,1,0,38,0
Idukki,21-06-2020,11,0,49,0
Idukki,22-06-2020,4,2,51,0
Idukki,24-06-2020,6,2,55,0
Idukki,25-06-2020,3,2,56,0
Idukki,26-06-2020,2,5,53,0
Idukki,27-06-2020,2,5,50,0
Idukki,28-06-2020,4,6,48,0
Idukki,29-06-2020,5,0,53,0
Idukki,30-06-2020,0,2,51,0
Idukki,01-07-2020,1,2,50,0
Idukki,02-07-2020,8,13,45,0
Idukki,03-07-2020,2,0,47,0
Idukki,04-07-2020,2,2,47,0
Idukki,05-07-2020,6,0,53,,0
Idukki,06-07-2020,6,0,59,0
Idukki,07-07-2020,1,1,59,0
Idukki,08-07-2020,20,0,79,0
Idukki,09-07-2020,20,8,91,0
Idukki,10-07-2020,12,4,99,0
Idukki,11-07-2020,5,4,100,0
Idukki,12-07-2020,16,0,116,0
Idukki,13-07-2020,4,0,120,0
Idukki,14-07-2020,4,0,120,0
Idukki,15-07-2020,55,3,171,1
Idukki,16-07-2020,26,6,191,0
Idukki,17-07-2020,11,6,196,0
Idukki,18-07-2020,28,6,218,0
Idukki,19-07-2020,49,5,262,0
Idukki,20-07-2020,24,1,285,0
Idukki,21-07-2020,0,5,280,0
Idukki,22-07-2020,43,1,321,1
Idukki,23-07-2020,63,22,362,0
Idukki,24-07-2020,29,96,295,0
Idukki,25-07-2020,40,12,323,0
Idukki,26-07-2020,48,31,340,0
Idukki,27-07-2020,70,25,385,0
Idukki,28-07-2020,7,27,365,0
Idukki,29-07-2020,34,20,379,0
Idukki,30-07-2020,6,31,354,0
Idukki,31-07-2020,59,45,368,0
Kottayam,10-3-2020,2,0,2,0
Kottayam,24-03-2020,1,0,3,0
Kottayam,28-03-2020,0,2,1,0
Kottayam,3-4-2020,0,1,0,0
Kottayam,22-04-2020,1,0,1,0
Kottayam,23-04-2020,2,0,3,0
Kottayam,25-04-2020,3,0,6,0
Kottayam,26-04-2020,5,0,11,0
Kottayam,27-04-2020,6,0,17,0
Kottayam,4-5-2020,0,12,5,0
Kottayam,6-5-2020,0,5,0,0
Kottayam,12-5-2020,1,0,1,0
Kottayam,13-05-2020,1,0,2,0
Kottayam,18-05-2020,2,0,4,0
Kottayam,21-05-2020,3,1,6,0
Kottayam,22-05-2020,2,0,8,0
Kottayam,23-05-2020,2,1,9,0
Kottayam,25-05-2020,2,0,11,0
Kottayam,26-05-2020,6,1,16,0
Kottayam,28-05-2020,3,0,19,0
Kottayam,29-05-2020,1,0,20,0
Kottayam,30-05-2020,1,1,20,0
Kottayam,1-6-2020,0,3,17,0
Kottayam,2-6-2020,6,7,16,0
Kottayam,3-6-2020,8,3,21,0
Kottayam,4-6-2020,5,0,26,0
Kottayam,5-6-2020,1,0,27,0
Kottayam,6-6-2020,2,0,29,0
Kottayam,7-6-2020,3,1,31,0
Kottayam,8-6-2020,3,0,34,0
Kottayam,9-6-2020,8,2,40,0
Kottayam,10-6-2020,3,2,41,0
Kottayam,11-6-2020,2,0,43,0
Kottayam,12-6-2020,3,1,45,0
Kottayam,13-06-2020,1,2,44,0
Kottayam,14-06-2020,3,2,45,0
Kottayam,15-06-2020,10,0,55,0
Kottayam,16-06-2020,4,3,56,0
Kottayam,17-06-2020,4,3,57,0
Kottayam,18-06-2020,11,2,66,0
Kottayam,19-06-2020,7,6,67,0
Kottayam,20-06-2020,11,0,78,0
Kottayam,21-06-2020,10,3,85,0
Kottayam,22-06-2020,13,4,94,0
Kottayam,23-06-2020,8,12,90,0
Kottayam,24-06-2020,7,3,94,0
Kottayam,25-06-2020,2,2,94,0
Kottayam,26-06-2020,18,2,110,0
Kottayam,27-06-2020,15,7,118,0
Kottayam,28-06-2020,5,6,117,0
Kottayam,29-06-2020,0,8,109,0
Kottayam,30-06-2020,3,6,106,0
Kottayam,01-07-2020,4,6,104,0
Kottayam,02-07-2020,9,1,112,0
Kottayam,03-07-2020,14,16,110,0
Kottayam,04-07-2020,6,10,106,0
Kottayam,05-07-2020,8,5,109,0
Kottayam,06-07-2020,6,11,104,0
Kottayam,07-07-2020,3,1,106,0
Kottayam,08-07-2020,17,0,123,0
Kottayam,09-07-2020,7,8,122,0
Kottayam,10-07-2020,7,9,120,0
Kottayam,11-07-2020,15,6,129,0
Kottayam,12-07-2020,12,1,140,0
Kottayam,13-07-2020,10,12,138,0
Kottayam,14-07-2020,25,5,158,0
Kottayam,15-07-2020,25,13,170,0
Kottayam,16-07-2020,13,7,176,0
Kottayam,17-07-2020,39,6,209,0
Kottayam,18-07-2020,16,6,219,0
Kottayam,19-07-2020,20,9,230,0
Kottayam,0-07-2020,46,17,259,0
Kottayam,21-07-2020,39,10,288,0
Kottayam,22-07-2020,51,12,327,0
Kottayam,23-07-2020,80,25,382,0
Kottayam,24-07-2020,50,74,358,0
Kottayam,25-07-2020,77,49,386,0
Kottayam,26-07-2020,54,37,403,0
Kottayam,27-07-2020,59,13,448,1
Kottayam,28-07-2020,118,20,546,0
Kottayam,29-07-2020,29,28,547,0
Kottayam,30-07-2020,29,49,527,0
Kottayam,31-07-2020,89,65,551,0
Alappuzha,2-2-2020,1,0,1,0
Alappuzha,16-02-2020,0,1,0,0
Alappuzha,24-03-2020,1,0,1,0
Alappuzha,4-4-2020,1,0,2,0
Alappuzha,7-4-2020,0,1,1,0
Alappuzha,8-4-2020,2,0,3,0
Alappuzha,17-04-2020,0,1,2,0
Alappuzha,20-04-2020,0,2,0,0
Alappuzha,15-05-2020,2,0,2,0
Alappuzha,18-05-2020,2,0,4,0
Alappuzha,19-05-2020,1,0,5,0
Alappuzha,20-05-2020,1,0,6,0
Alappuzha,21-05-2020,2,0,8,0
Alappuzha,23-05-2020,5,0,13,0
Alappuzha,24-05-2020,4,0,17,0
Alappuzha,25-05-2020,3,0,20,0
Alappuzha,26-05-2020,3,1,22,0
Alappuzha,27-05-2020,7,1,28,0
Alappuzha,28-05-2020,1,0,29,0
Alappuzha,29-05-2020,3,0,32,0
Alappuzha,30-05-2020,2,0,33,1
Alappuzha,31-05-2020,6,0,39,0
Alappuzha,1-6-2020,2,0,41,0
Alappuzha,2-6-2020,10,0,51,0
Alappuzha,3-6-2020,7,1,57,0
Alappuzha,4-6-2020,8,0,65,0
Alappuzha,5-6-2020,5,4,66,0
Alappuzha,6-6-2020,4,0,70,0
Alappuzha,7-6-2020,7,3,74,0
Alappuzha,8-6-2020,5,0,79,0
Alappuzha,9-6-2020,11,2,88,0
Alappuzha,10-6-2020,1,7,82,0
Alappuzha,12-6-2020,13,0,95,0
Alappuzha,13-06-2020,9,0,104,0
Alappuzha,14-06-2020,0,2,102,0
Alappuzha,15-06-2020,5,0,107,0
Alappuzha,16-06-2020,7,5,109,0
Alappuzha,17-06-2020,1,16,94,0
Alappuzha,18-06-2020,9,10,93,0
Alappuzha,19-06-2020,13,4,102,0
Alappuzha,20-06-2020,4,12,94,0
Alappuzha,21-06-2020,10,10,64,0
Alappuzha,22-06-2020,12,1,105,0
Alappuzha,23-06-2020,19,0,124,0
Alappuzha,24-06-2020,15,13,126,0
Alappuzha,25-06-2020,18,3,141,0
Alappuzha,26-06-2020,21,0,162,0
Alappuzha,27-06-2020,13,6,169,0
Alappuzha,28-06-2020,10,5,174,0
Alappuzha,29-06-2020,5,9,170,0
Alappuzha,30-06-2020,9,0,179,0
Alappuzha,01-07-2020,8,9,178,0
Alappuzha,02-07-2020,16,8,186,0
Alappuzha,03-07-2020,21,2,205,0
Alappuzha,04-07-2020,20,36,189,0
Alappuzha,05-07-2020,13,2,200,0
Alappuzha,06-07-2020,15,7,208,0
Alappuzha,07-07-2020,18,4,222,0
Alappuzha,08-07-2020,18,16,223,0
Alappuzha,09-07-2020,22,8,237,0
Alappuzha,10-07-2020,50,24,263,0
Alappuzha,11-07-2020,87,11,339,0
Alappuzha,12-07-2020,57,2,393,1
Alappuzha,13-07-2020,119,7,505,0
Alappuzha,14-07-2020,34,17,521,1
Alappuzha,15-07-2020,20,0,541,0
Alappuzha,16-07-2020,20,13,548,0
Alappuzha,17-07-2020,57,7,598,0
Alappuzha,18-07-2020,42,36,604,0
Alappuzha,19-07-2020,52,34,622,0
Alappuzha,20-07-2020,53,10,665,0
Alappuzha,21-07-2020,46,72,639,0
Alappuzha,22-07-2020,120,19,740,0
Alappuzha,23-07-2020,82,39,783,0
Alappuzha,24-07-2020,44,49,777,1
Alappuzha,25-07-2020,102,70,809,0
Alappuzha,26-07-2020,46,50,805,0
Alappuzha,27-07-2020,30,150,685,0
Alappuzha,28-07-2020,84,80,688,1
Alappuzha,29-07-2020,38,35,691,0
Alappuzha,30-07-2020,55,20,724,0
Alappuzha,31-07-2020,35,25,734,0
Pathanamthitta,9-3-2020,5,0,5,0
Pathanamthitta,10-3-2020,4,0,9,0
Pathanamthitta,23-03-2020,1,0,10,0
Pathanamthitta,25-03-2020,2,0,12,0
Pathanamthitta,26-03-2020,0,1,11,0
Pathanamthitta,29-03-2020,0,4,7,0
Pathanamthitta,31-03-2020,0,2,5,0
Pathanamthitta,2-4-2020,1,0,6,0
Pathanamthitta,3-4-2020,0,1,5,0
Pathanamthitta,5-4-2020,1,0,6,0
Pathanamthitta,6-4-2020,1,0,7,0
Pathanamthitta,8-4-2020,1,0,8,0
Pathanamthitta,12-4-2020,1,0,9,0
Pathanamthitta,13-04-2020,0,3,6,0
Pathanamthitta,24-04-2020,0,3,3,0
Pathanamthitta,29-04-2020,0,1,2,0
Pathanamthitta,30-04-2020,0,1,1,0
Pathanamthitta,6-5-2020,0,1,0,0
Pathanamthitta,12-5-2020,1,0,1,0
Pathanamthitta,14-05-2020,1,0,2,0
Pathanamthitta,18-05-2020,2,0,4,0
Pathanamthitta,19-05-2020,1,0,5,0
Pathanamthitta,20-05-2020,2,0,7,0
Pathanamthitta,22-05-2020,1,0,8,0
Pathanamthitta,24-05-2020,2,0,10,0
Pathanamthitta,25-05-2020,3,0,13,0
Pathanamthitta,27-05-2020,3,0,16,0
Pathanamthitta,28-05-2020,6,0,22,0
Pathanamthitta,29-05-2020,5,0,26,1
Pathanamthitta,31-05-2020,4,2,28,0
Pathanamthitta,1-6-2020,4,1,31,0
Pathanamthitta,2-6-2020,1,1,31,0
Pathanamthitta,3-6-2020,2,0,33,0
Pathanamthitta,4-6-2020,14,1,46,0
Pathanamthitta,5-6-2020,11,0,57,0
Pathanamthitta,6-6-2020,9,0,66,0
Pathanamthitta,7-6-2020,13,1,78,0
Pathanamthitta,8-6-2020,3,0,81,0
Pathanamthitta,9-6-2020,7,6,82,0
Pathanamthitta,10-6-2020,3,6,79,0
Pathanamthitta,11-6-2020,5,0,84,0
Pathanamthitta,12-6-2020,7,0,91,0
Pathanamthitta,13-06-2020,1,1,91,0
Pathanamthitta,14-06-2020,2,0,93,0
Pathanamthitta,15-06-2020,11,0,104,0
Pathanamthitta,16-06-2020,6,4,106,0
Pathanamthitta,17-06-2020,1,5,102,0
Pathanamthitta,18-06-2020,11,3,110,0
Pathanamthitta,19-06-2020,9,0,119,0
Pathanamthitta,20-06-2020,17,12,124,0
Pathanamthitta,21-06-2020,8,4,128,0
Pathanamthitta,22-06-2020,4,0,132,0
Pathanamthitta,23-06-2020,27,6,153,0
Pathanamthitta,24-06-2020,25,1,177,0
Pathanamthitta,25-06-2020,13,9,181,0
Pathanamthitta,26-06-2020,4,0,185,0
Pathanamthitta,27-06-2020,6,17,174,0
Pathanamthitta,28-06-2020,3,2,175,0
Pathanamthitta,29-06-2020,13,0,188,0
Pathanamthitta,30-06-2020,1,0,189,0
Pathanamthitta,01-07-2020,6,5,190,0
Pathanamthitta,02-07-2020,27,0,217,0
Pathanamthitta,03-07-2020,7,29,195,0
Pathanamthitta,04-07-2020,22,20,197,0
Pathanamthitta,05-07-2020,3,9,191,0
Pathanamthitta,06-07-2020,26,27,190,0
Pathanamthitta,07-07-2020,12,19,183,0
Pathanamthitta,08-07-2020,7,4,185,0
Pathanamthitta,09-07-2020,7,7,185,0
Pathanamthitta,10-07-2020,32,0,217,0
Pathanamthitta,11-07-2020,54,43,228,0
Pathanamthitta,12-07-2020,39,25,242,0
Pathanamthitta,13-07-2020,47,2,287,0
Pathanamthitta,14-07-2020,3,0,290,0
Pathanamthitta,15-07-2020,64,20,334,0
Pathanamthitta,16-07-2020,39,18,355,0
Pathanamthitta,17-07-2020,87,1,441,0
Pathanamthitta,18-07-2020,28,18,451,0
Pathanamthitta,19-07-2020,35,17,469,0
Pathanamthitta,20-07-2020,3,18,454,0
Pathanamthitta,21-07-2020,40,0,494,0
Pathanamthitta,22-07-2020,49,38,505,0
Pathanamthitta,23-07-2020,27,0,532,0
Pathanamthitta,24-07-2020,23,81,474,0
Pathanamthitta,25-07-2020,52,150,376,0
Pathanamthitta,26-07-2020,91,48,419,0
Pathanamthitta,27-07-2020,17,49,386,0
Pathanamthitta,28-07-2020,63,28,421,0
Pathanamthitta,29-07-2020,54,41,434,0
Pathanamthitta,30-07-2020,59,81,412,0
Pathanamthitta,31-07-2020,130,44,498,0
Kollam,27-03-2020,1,0,1,0
Kollam,28-03-2020,1,0,2,0
Kollam,31-03-2020,1,0,3,0
Kollam,2-4-2020,2,0,5,0
Kollam,4-4-2020,1,0,6,0
Kollam,6-4-2020,1,1,6,0
Kollam,7-4-2020,1,0,7,0
Kollam,8-4-2020,0,1,6,0
Kollam,9-4-2020,1,0,7,0
Kollam,14-04-2020,0,1,6,0
Kollam,15-04-2020,0,1,5,0
Kollam,21-04-2020,1,0,6,0
Kollam,23-04-2020,1,0,7,0
Kollam,24-04-2020,0,1,6,0
Kollam,25-04-2020,3,0,9,0
Kollam,29-04-2020,6,0,15,0
Kollam,30-04-2020,0,3,12,0
Kollam,4-5-2020,0,9,3,0
Kollam,13-05-2020,0,1,2,0
Kollam,14-05-2020,0,2,0,0
Kollam,15-05-2020,1,0,1,0
Kollam,17-05-2020,1,0,2,0
Kollam,18-05-2020,5,0,7,0
Kollam,21-05-2020,2,0,9,0
Kollam,22-05-2020,1,0,10,0
Kollam,23-05-2020,3,1,12,0
Kollam,24-05-2020,3,0,15,0
Kollam,25-05-2020,2,2,15,0
Kollam,26-05-2020,4,0,19,0
Kollam,27-05-2020,4,0,23,0
Kollam,28-05-2020,1,0,24,0
Kollam,29-05-2020,2,0,26,0
Kollam,30-05-2020,4,0,30,0
Kollam,31-05-2020,6,0,36,0
Kollam,1-6-2020,5,0,41,0
Kollam,2-6-2020,8,0,49,0
Kollam,3-6-2020,5,2,52,0
Kollam,4-6-2020,11,0,62,1
Kollam,5-6-2020,2,0,64,0
Kollam,6-6-2020,19,2,81,0
Kollam,7-6-2020,9,3,87,0
Kollam,8-6-2020,5,0,92,0
Kollam,9-6-2020,5,3,94,0
Kollam,10-6-2020,4,4,94,0
Kollam,11-6-2020,8,2,100,0
Kollam,12-6-2020,4,7,97,0
Kollam,14-06-2020,1,0,98,0
Kollam,15-06-2020,4,11,91,0
Kollam,16-06-2020,4,1,94,0
Kollam,17-06-2020,14,4,104,0
Kollam,18-06-2020,13,8,109,0
Kollam,19-06-2020,17,14,112,0
Kollam,20-06-2020,24,2,134,0
Kollam,21-06-2020,13,0,147,0
Kollam,22-06-2020,13,0,160,0
Kollam,23-06-2020,4,4,159,1
Kollam,24-06-2020,18,1,176,0
Kollam,25-06-2020,13,0,189,0
Kollam,26-06-2020,16,10,195,0
Kollam,27-06-2020,12,15,192,0
Kollam,28-06-2020,10,0,202,0
Kollam,29-06-2020,11,19,194,0
Kollam,30-06-2020,12,0,206,0
Kollam,01-07-2020,3,21,188,0
Kollam,02-07-2020,9,0,197,0
Kollam,03-07-2020,23,0,220,0
Kollam,04-07-2020,16,41,195,0
Kollam,05-07-2020,10,31,174,0
Kollam,06-07-2020,11,10,175,0
Kollam,07-07-2020,11,6,180,0
Kollam,08-07-2020,8,23,165,0
Kollam,09-07-2020,10,9,166,0
Kollam,10-07-2020,28,0,194,0
Kollam,11-07-2020,18,26,186,0
Kollam,12-07-2020,5,0,191,0
Kollam,13-07-2020,33,10,213,1
Kollam,14-07-2020,23,4,232,0
Kollam,15-07-2020,11,9,234,0
Kollam,16-07-2020,42,17,259,0
Kollam,17-07-2020,47,8,298,0
Kollam,18-07-2020,53,1,350,0
Kollam,19-07-2020,75,4,421,0
Kollam,20-07-2020,79,1,499,0
Kollam,21-07-2020,85,11,573,0
Kollam,22-07-2020,133,13,692,0
Kollam,23-07-2020,106,31,766,1
Kollam,24-07-2020,133,54,845,0
Kollam,25-07-2020,80,50,875,0
Kollam,26-07-2020,74,70,879,0
Kollam,27-07-2020,22,57,844,0
Kollam,28-07-2020,95,70,869,0
Kollam,29-07-2020,84,146,807,0
Kollam,30-07-2020,22,83,746,0
Kollam,31-07-2020,53,94,704,1
Thiruvananthapuram,13-03-2020,3,0,3,0
Thiruvananthapuram,15-03-2020,1,0,4,0
Thiruvananthapuram,24-03-2020,1,0,5,0
Thiruvananthapuram,25-03-2020,0,1,4,0
Thiruvananthapuram,28-03-2020,2,1,5,0
Thiruvananthapuram,29-03-2020,1,0,6,0
Thiruvananthapuram,31-03-2020,2,0,7,1
Thiruvananthapuram,1-4-2020,2,1,8,0
Thiruvananthapuram,2-4-2020,1,1,8,0
Thiruvananthapuram,4-4-2020,0,1,7,0
Thiruvananthapuram,7-4-2020,0,1,6,0
Thiruvananthapuram,8-4-2020,0,2,4,0
Thiruvananthapuram,9-4-2020,1,0,5,0
Thiruvananthapuram,11-4-2020,0,3,2,0
Thiruvananthapuram,21-04-2020,0,1,1,0
Thiruvananthapuram,23-04-2020,1,0,2,0
Thiruvananthapuram,26-04-2020,0,1,1,0
Thiruvananthapuram,27-04-2020,0,1,0,0
Thiruvananthapuram,29-04-2020,2,0,2,0
Thiruvananthapuram,4-5-2020,0,2,0,0
Thiruvananthapuram,18-05-2020,4,0,4,0
Thiruvananthapuram,20-05-2020,2,0,6,0
Thiruvananthapuram,21-05-2020,2,0,8,0
Thiruvananthapuram,24-05-2020,13,0,21,0
Thiruvananthapuram,25-05-2020,5,0,26,0
Thiruvananthapuram,28-05-2020,8,0,33,1
Thiruvananthapuram,29-05-2020,5,0,38,0
Thiruvananthapuram,30-05-2020,2,1,39,0
Thiruvananthapuram,31-05-2020,4,1,42,0
Thiruvananthapuram,1-6-2020,3,3,42,0
Thiruvananthapuram,2-6-2020,7,2,46,1
Thiruvananthapuram,3-6-2020,14,6,54,0
Thiruvananthapuram,4-6-2020,5,1,58,0
Thiruvananthapuram,5-6-2020,5,1,62,0
Thiruvananthapuram,6-6-2020,3,0,65,0
Thiruvananthapuram,7-6-2020,4,1,68,0
Thiruvananthapuram,8-6-2020,3,0,71,0
Thiruvananthapuram,9-6-2020,10,11,70,0
Thiruvananthapuram,10-6-2020,6,3,73,0
Thiruvananthapuram,11-6-2020,0,16,57,0
Thiruvananthapuram,12-6-2020,1,2,56,0
Thiruvananthapuram,13-06-2020,0,4,52,0
Thiruvananthapuram,14-06-2020,4,4,52,0
Thiruvananthapuram,15-06-2020,1,3,49,1
Thiruvananthapuram,16-06-2020,4,14,39,0
Thiruvananthapuram,17-06-2020,3,10,32,0
Thiruvananthapuram,18-06-2020,5,9,28,0
Thiruvananthapuram,19-06-2020,8,4,32,0
Thiruvananthapuram,20-06-2020,5,2,35,0
Thiruvananthapuram,21-06-2020,9,0,44,0
Thiruvananthapuram,22-06-2020,11,0,55,0
Thiruvananthapuram,23-06-2020,4,3,56,0
Thiruvananthapuram,24-06-2020,4,0,60,0
Thiruvananthapuram,25-06-2020,2,0,62,0
Thiruvananthapuram,26-06-2020,7,0,69,0
Thiruvananthapuram,27-06-2020,4,3,70,0
Thiruvananthapuram,28-06-2020,9,1,78,0
Thiruvananthapuram,29-06-2020,4,3,79,0
Thiruvananthapuram,30-06-2020,5,6,77,1
Thiruvananthapuram,01-07-2020,4,3,78,0
Thiruvananthapuram,02-07-2020,9,15,72,0
Thiruvananthapuram,03-07-2020,17,5,84,0
Thiruvananthapuram,04-07-2020,16,10,90,0
Thiruvananthapuram,05-07-2020,27,10,107,0
Thiruvananthapuram,06-07-2020,7,7,107,0
Thiruvananthapuram,07-07-2020,54,3,158,0
Thiruvananthapuram,08-07-2020,64,5,217,0
Thiruvananthapuram,09-07-2020,95,9,303,0
Thiruvananthapuram,10-07-2020,129,5,427,0
Thiruvananthapuram,11-07-2020,69,6,489,1
Thiruvananthapuram,12-07-2020,40,2,527,0
Thiruvananthapuram,13-07-2020,63,4,586,0
Thiruvananthapuram,14-07-2020,201,15,772,0
Thiruvananthapuram,15-07-2020,157,10,919,0
Thiruvananthapuram,16-07-2020,339,1,1257,0
Thiruvananthapuram,17-07-2020,246,9,1494,0
Thiruvananthapuram,18-07-2020,173,6,1659,2
Thiruvananthapuram,19-07-2020,222,23,1858,0
Thiruvananthapuram,20-07-2020,182,1,2039,0
Thiruvananthapuram,21-07-2020,151,10,2179,1
Thiruvananthapuram,22-07-2020,226,9,2394,0
Thiruvananthapuram,23-07-2020,222,60,2554,1
Thiruvananthapuram,24-07-2020,167,101,2619,1
Thiruvananthapuram,25-07-2020,240,229,2630,0
Thiruvananthapuram,26-07-2020,175,51,2754,0
Thiruvananthapuram,27-07-2020,161,65,2850,0
Thiruvananthapuram,28-07-2020,222,170,2901,1
Thiruvananthapuram,29-07-2020,213,126,2988,0
Thiruvananthapuram,30-07-2020,70,220,2837,0
Thiruvananthapuram,31-07-2020,320,114,3043,0
